AMS,ADNN,Dataset,VMS,VDNN,T,Bf,Cost_history,T_pred,Bf_pred
0.04614786,8.74767114,"AMS1_ADNN1_VMS1_VDNN1.npy, AMS1_ADNN1_VMS1_VDNN2.npy, AMS1_ADNN1_VMS1_VDNN3.npy, AMS1_ADNN1_VMS1_VDNN4.npy, AMS1_ADNN1_VMS1_VDNN5.npy, AMS1_ADNN1_VMS2_VDNN1.npy, AMS1_ADNN1_VMS2_VDNN2.npy, AMS1_ADNN1_VMS2_VDNN3.npy, AMS1_ADNN1_VMS2_VDNN4.npy, AMS1_ADNN1_VMS2_VDNN5.npy, AMS1_ADNN1_VMS3_VDNN1.npy, AMS1_ADNN1_VMS3_VDNN2.npy, AMS1_ADNN1_VMS3_VDNN3.npy, AMS1_ADNN1_VMS3_VDNN4.npy, AMS1_ADNN1_VMS3_VDNN5.npy, AMS1_ADNN1_VMS4_VDNN1.npy, AMS1_ADNN1_VMS4_VDNN2.npy, AMS1_ADNN1_VMS4_VDNN3.npy, AMS1_ADNN1_VMS4_VDNN4.npy, AMS1_ADNN1_VMS4_VDNN5.npy, AMS1_ADNN1_VMS5_VDNN1.npy, AMS1_ADNN1_VMS5_VDNN2.npy, AMS1_ADNN1_VMS5_VDNN3.npy, AMS1_ADNN1_VMS5_VDNN4.npy, AMS1_ADNN1_VMS5_VDNN5.npy",0.0487785494115578,16.940523954067803,29.722849155176647,45,0.3777309881713868,25.136645500603535,50
0.04614786,24.4029475,"AMS1_ADNN2_VMS1_VDNN1.npy, AMS1_ADNN2_VMS1_VDNN2.npy, AMS1_ADNN2_VMS1_VDNN3.npy, AMS1_ADNN2_VMS1_VDNN4.npy, AMS1_ADNN2_VMS1_VDNN5.npy, AMS1_ADNN2_VMS2_VDNN1.npy, AMS1_ADNN2_VMS2_VDNN2.npy, AMS1_ADNN2_VMS2_VDNN3.npy, AMS1_ADNN2_VMS2_VDNN4.npy, AMS1_ADNN2_VMS2_VDNN5.npy, AMS1_ADNN2_VMS3_VDNN1.npy, AMS1_ADNN2_VMS3_VDNN2.npy, AMS1_ADNN2_VMS3_VDNN3.npy, AMS1_ADNN2_VMS3_VDNN4.npy, AMS1_ADNN2_VMS3_VDNN5.npy, AMS1_ADNN2_VMS4_VDNN1.npy, AMS1_ADNN2_VMS4_VDNN2.npy, AMS1_ADNN2_VMS4_VDNN3.npy, AMS1_ADNN2_VMS4_VDNN4.npy, AMS1_ADNN2_VMS4_VDNN5.npy, AMS1_ADNN2_VMS5_VDNN1.npy, AMS1_ADNN2_VMS5_VDNN2.npy, AMS1_ADNN2_VMS5_VDNN3.npy, AMS1_ADNN2_VMS5_VDNN4.npy, AMS1_ADNN2_VMS5_VDNN5.npy",0.0499689357225446,17.25835578987159,21.07487599238572,45,0.3523519076141356,24.655346478649857,49
0.04614786,103.460163,"AMS1_ADNN3_VMS1_VDNN1.npy, AMS1_ADNN3_VMS1_VDNN2.npy, AMS1_ADNN3_VMS1_VDNN3.npy, AMS1_ADNN3_VMS1_VDNN4.npy, AMS1_ADNN3_VMS1_VDNN5.npy, AMS1_ADNN3_VMS2_VDNN1.npy, AMS1_ADNN3_VMS2_VDNN2.npy, AMS1_ADNN3_VMS2_VDNN3.npy, AMS1_ADNN3_VMS2_VDNN4.npy, AMS1_ADNN3_VMS2_VDNN5.npy, AMS1_ADNN3_VMS3_VDNN1.npy, AMS1_ADNN3_VMS3_VDNN2.npy, AMS1_ADNN3_VMS3_VDNN3.npy, AMS1_ADNN3_VMS3_VDNN4.npy, AMS1_ADNN3_VMS3_VDNN5.npy, AMS1_ADNN3_VMS4_VDNN1.npy, AMS1_ADNN3_VMS4_VDNN2.npy, AMS1_ADNN3_VMS4_VDNN3.npy, AMS1_ADNN3_VMS4_VDNN4.npy, AMS1_ADNN3_VMS4_VDNN5.npy, AMS1_ADNN3_VMS5_VDNN1.npy, AMS1_ADNN3_VMS5_VDNN2.npy, AMS1_ADNN3_VMS5_VDNN3.npy, AMS1_ADNN3_VMS5_VDNN4.npy, AMS1_ADNN3_VMS5_VDNN5.npy",0.0489322307624198,16.517793878885215,19.52912990436347,40,0.3618066033447266,21.865000851751972,47
0.04614786,0.366064129,"AMS1_ADNN4_VMS1_VDNN1.npy, AMS1_ADNN4_VMS1_VDNN2.npy, AMS1_ADNN4_VMS1_VDNN3.npy, AMS1_ADNN4_VMS1_VDNN4.npy, AMS1_ADNN4_VMS1_VDNN5.npy, AMS1_ADNN4_VMS2_VDNN1.npy, AMS1_ADNN4_VMS2_VDNN2.npy, AMS1_ADNN4_VMS2_VDNN3.npy, AMS1_ADNN4_VMS2_VDNN4.npy, AMS1_ADNN4_VMS2_VDNN5.npy, AMS1_ADNN4_VMS3_VDNN1.npy, AMS1_ADNN4_VMS3_VDNN2.npy, AMS1_ADNN4_VMS3_VDNN3.npy, AMS1_ADNN4_VMS3_VDNN4.npy, AMS1_ADNN4_VMS3_VDNN5.npy, AMS1_ADNN4_VMS4_VDNN1.npy, AMS1_ADNN4_VMS4_VDNN2.npy, AMS1_ADNN4_VMS4_VDNN3.npy, AMS1_ADNN4_VMS4_VDNN4.npy, AMS1_ADNN4_VMS4_VDNN5.npy, AMS1_ADNN4_VMS5_VDNN1.npy, AMS1_ADNN4_VMS5_VDNN2.npy, AMS1_ADNN4_VMS5_VDNN3.npy, AMS1_ADNN4_VMS5_VDNN4.npy, AMS1_ADNN4_VMS5_VDNN5.npy",0.0493370964562763,17.108147253912144,37.80793028625507,50,0.3963450009124755,25.44640311299131,50
0.04614786,0.00583815967,"AMS1_ADNN5_VMS1_VDNN1.npy, AMS1_ADNN5_VMS1_VDNN2.npy, AMS1_ADNN5_VMS1_VDNN3.npy, AMS1_ADNN5_VMS1_VDNN4.npy, AMS1_ADNN5_VMS1_VDNN5.npy, AMS1_ADNN5_VMS2_VDNN1.npy, AMS1_ADNN5_VMS2_VDNN2.npy, AMS1_ADNN5_VMS2_VDNN3.npy, AMS1_ADNN5_VMS2_VDNN4.npy, AMS1_ADNN5_VMS2_VDNN5.npy, AMS1_ADNN5_VMS3_VDNN1.npy, AMS1_ADNN5_VMS3_VDNN2.npy, AMS1_ADNN5_VMS3_VDNN3.npy, AMS1_ADNN5_VMS3_VDNN4.npy, AMS1_ADNN5_VMS3_VDNN5.npy, AMS1_ADNN5_VMS4_VDNN1.npy, AMS1_ADNN5_VMS4_VDNN2.npy, AMS1_ADNN5_VMS4_VDNN3.npy, AMS1_ADNN5_VMS4_VDNN4.npy, AMS1_ADNN5_VMS4_VDNN5.npy, AMS1_ADNN5_VMS5_VDNN1.npy, AMS1_ADNN5_VMS5_VDNN2.npy, AMS1_ADNN5_VMS5_VDNN3.npy, AMS1_ADNN5_VMS5_VDNN4.npy, AMS1_ADNN5_VMS5_VDNN5.npy",0.0522031470016711,16.121135650010817,26.869570944366423,50,0.3909927544677734,25.315435819004083,50
0.04614786,28.762206,"AMS1_ADNN6_VMS1_VDNN1.npy, AMS1_ADNN6_VMS1_VDNN2.npy, AMS1_ADNN6_VMS1_VDNN3.npy, AMS1_ADNN6_VMS1_VDNN4.npy, AMS1_ADNN6_VMS1_VDNN5.npy, AMS1_ADNN6_VMS2_VDNN1.npy, AMS1_ADNN6_VMS2_VDNN2.npy, AMS1_ADNN6_VMS2_VDNN3.npy, AMS1_ADNN6_VMS2_VDNN4.npy, AMS1_ADNN6_VMS2_VDNN5.npy, AMS1_ADNN6_VMS3_VDNN1.npy, AMS1_ADNN6_VMS3_VDNN2.npy, AMS1_ADNN6_VMS3_VDNN3.npy, AMS1_ADNN6_VMS3_VDNN4.npy, AMS1_ADNN6_VMS3_VDNN5.npy, AMS1_ADNN6_VMS4_VDNN1.npy, AMS1_ADNN6_VMS4_VDNN2.npy, AMS1_ADNN6_VMS4_VDNN3.npy, AMS1_ADNN6_VMS4_VDNN4.npy, AMS1_ADNN6_VMS4_VDNN5.npy, AMS1_ADNN6_VMS5_VDNN1.npy, AMS1_ADNN6_VMS5_VDNN2.npy, AMS1_ADNN6_VMS5_VDNN3.npy, AMS1_ADNN6_VMS5_VDNN4.npy, AMS1_ADNN6_VMS5_VDNN5.npy",0.0484768323297506,16.803588549103388,44.23089305428885,50,0.4017257212707518,24.437711665557757,49
0.04614786,117.181603,"AMS1_ADNN7_VMS1_VDNN1.npy, AMS1_ADNN7_VMS1_VDNN2.npy, AMS1_ADNN7_VMS1_VDNN3.npy, AMS1_ADNN7_VMS1_VDNN4.npy, AMS1_ADNN7_VMS1_VDNN5.npy, AMS1_ADNN7_VMS2_VDNN1.npy, AMS1_ADNN7_VMS2_VDNN2.npy, AMS1_ADNN7_VMS2_VDNN3.npy, AMS1_ADNN7_VMS2_VDNN4.npy, AMS1_ADNN7_VMS2_VDNN5.npy, AMS1_ADNN7_VMS3_VDNN1.npy, AMS1_ADNN7_VMS3_VDNN2.npy, AMS1_ADNN7_VMS3_VDNN3.npy, AMS1_ADNN7_VMS3_VDNN4.npy, AMS1_ADNN7_VMS3_VDNN5.npy, AMS1_ADNN7_VMS4_VDNN1.npy, AMS1_ADNN7_VMS4_VDNN2.npy, AMS1_ADNN7_VMS4_VDNN3.npy, AMS1_ADNN7_VMS4_VDNN4.npy, AMS1_ADNN7_VMS4_VDNN5.npy, AMS1_ADNN7_VMS5_VDNN1.npy, AMS1_ADNN7_VMS5_VDNN2.npy, AMS1_ADNN7_VMS5_VDNN3.npy, AMS1_ADNN7_VMS5_VDNN4.npy, AMS1_ADNN7_VMS5_VDNN5.npy",0.0489668966971873,17.091957337459046,13.352450706814365,50,0.3539647284698486,21.48581945690468,46
1.11582564,8.74767114,"AMS2_ADNN1_VMS1_VDNN1.npy, AMS2_ADNN1_VMS1_VDNN2.npy, AMS2_ADNN1_VMS1_VDNN3.npy, AMS2_ADNN1_VMS1_VDNN4.npy, AMS2_ADNN1_VMS1_VDNN5.npy, AMS2_ADNN1_VMS2_VDNN1.npy, AMS2_ADNN1_VMS2_VDNN2.npy, AMS2_ADNN1_VMS2_VDNN3.npy, AMS2_ADNN1_VMS2_VDNN4.npy, AMS2_ADNN1_VMS2_VDNN5.npy, AMS2_ADNN1_VMS3_VDNN1.npy, AMS2_ADNN1_VMS3_VDNN2.npy, AMS2_ADNN1_VMS3_VDNN3.npy, AMS2_ADNN1_VMS3_VDNN4.npy, AMS2_ADNN1_VMS3_VDNN5.npy, AMS2_ADNN1_VMS4_VDNN1.npy, AMS2_ADNN1_VMS4_VDNN2.npy, AMS2_ADNN1_VMS4_VDNN3.npy, AMS2_ADNN1_VMS4_VDNN4.npy, AMS2_ADNN1_VMS4_VDNN5.npy, AMS2_ADNN1_VMS5_VDNN1.npy, AMS2_ADNN1_VMS5_VDNN2.npy, AMS2_ADNN1_VMS5_VDNN3.npy, AMS2_ADNN1_VMS5_VDNN4.npy, AMS2_ADNN1_VMS5_VDNN5.npy",0.1829038982240159,15.082048796636236,34.17832543090835,50,0.4970259751495361,29.766913569481808,53
1.11582564,24.4029475,"AMS2_ADNN2_VMS1_VDNN1.npy, AMS2_ADNN2_VMS1_VDNN2.npy, AMS2_ADNN2_VMS1_VDNN3.npy, AMS2_ADNN2_VMS1_VDNN4.npy, AMS2_ADNN2_VMS1_VDNN5.npy, AMS2_ADNN2_VMS2_VDNN1.npy, AMS2_ADNN2_VMS2_VDNN2.npy, AMS2_ADNN2_VMS2_VDNN3.npy, AMS2_ADNN2_VMS2_VDNN4.npy, AMS2_ADNN2_VMS2_VDNN5.npy, AMS2_ADNN2_VMS3_VDNN1.npy, AMS2_ADNN2_VMS3_VDNN2.npy, AMS2_ADNN2_VMS3_VDNN3.npy, AMS2_ADNN2_VMS3_VDNN4.npy, AMS2_ADNN2_VMS3_VDNN5.npy, AMS2_ADNN2_VMS4_VDNN1.npy, AMS2_ADNN2_VMS4_VDNN2.npy, AMS2_ADNN2_VMS4_VDNN3.npy, AMS2_ADNN2_VMS4_VDNN4.npy, AMS2_ADNN2_VMS4_VDNN5.npy, AMS2_ADNN2_VMS5_VDNN1.npy, AMS2_ADNN2_VMS5_VDNN2.npy, AMS2_ADNN2_VMS5_VDNN3.npy, AMS2_ADNN2_VMS5_VDNN4.npy, AMS2_ADNN2_VMS5_VDNN5.npy",0.1824233074438258,14.191210414510392,42.832390434264745,55,0.4994408712890624,29.102961071197786,53
1.11582564,103.460163,"AMS2_ADNN3_VMS1_VDNN1.npy, AMS2_ADNN3_VMS1_VDNN2.npy, AMS2_ADNN3_VMS1_VDNN3.npy, AMS2_ADNN3_VMS1_VDNN4.npy, AMS2_ADNN3_VMS1_VDNN5.npy, AMS2_ADNN3_VMS2_VDNN1.npy, AMS2_ADNN3_VMS2_VDNN2.npy, AMS2_ADNN3_VMS2_VDNN3.npy, AMS2_ADNN3_VMS2_VDNN4.npy, AMS2_ADNN3_VMS2_VDNN5.npy, AMS2_ADNN3_VMS3_VDNN1.npy, AMS2_ADNN3_VMS3_VDNN2.npy, AMS2_ADNN3_VMS3_VDNN3.npy, AMS2_ADNN3_VMS3_VDNN4.npy, AMS2_ADNN3_VMS3_VDNN5.npy, AMS2_ADNN3_VMS4_VDNN1.npy, AMS2_ADNN3_VMS4_VDNN2.npy, AMS2_ADNN3_VMS4_VDNN3.npy, AMS2_ADNN3_VMS4_VDNN4.npy, AMS2_ADNN3_VMS4_VDNN5.npy, AMS2_ADNN3_VMS5_VDNN1.npy, AMS2_ADNN3_VMS5_VDNN2.npy, AMS2_ADNN3_VMS5_VDNN3.npy, AMS2_ADNN3_VMS5_VDNN4.npy, AMS2_ADNN3_VMS5_VDNN5.npy",0.1783387783183258,14.80889654939404,39.80808142092907,55,0.4947152061340332,26.51090478262752,50
1.11582564,0.366064129,"AMS2_ADNN4_VMS1_VDNN1.npy, AMS2_ADNN4_VMS1_VDNN2.npy, AMS2_ADNN4_VMS1_VDNN3.npy, AMS2_ADNN4_VMS1_VDNN4.npy, AMS2_ADNN4_VMS1_VDNN5.npy, AMS2_ADNN4_VMS2_VDNN1.npy, AMS2_ADNN4_VMS2_VDNN2.npy, AMS2_ADNN4_VMS2_VDNN3.npy, AMS2_ADNN4_VMS2_VDNN4.npy, AMS2_ADNN4_VMS2_VDNN5.npy, AMS2_ADNN4_VMS3_VDNN1.npy, AMS2_ADNN4_VMS3_VDNN2.npy, AMS2_ADNN4_VMS3_VDNN3.npy, AMS2_ADNN4_VMS3_VDNN4.npy, AMS2_ADNN4_VMS3_VDNN5.npy, AMS2_ADNN4_VMS4_VDNN1.npy, AMS2_ADNN4_VMS4_VDNN2.npy, AMS2_ADNN4_VMS4_VDNN3.npy, AMS2_ADNN4_VMS4_VDNN4.npy, AMS2_ADNN4_VMS4_VDNN5.npy, AMS2_ADNN4_VMS5_VDNN1.npy, AMS2_ADNN4_VMS5_VDNN2.npy, AMS2_ADNN4_VMS5_VDNN3.npy, AMS2_ADNN4_VMS5_VDNN4.npy, AMS2_ADNN4_VMS5_VDNN5.npy",0.1805861357962551,14.934965673005111,15.361635707147938,55,0.4480725745727539,30.02565933326187,53
1.11582564,0.00583815967,"AMS2_ADNN5_VMS1_VDNN1.npy, AMS2_ADNN5_VMS1_VDNN2.npy, AMS2_ADNN5_VMS1_VDNN3.npy, AMS2_ADNN5_VMS1_VDNN4.npy, AMS2_ADNN5_VMS1_VDNN5.npy, AMS2_ADNN5_VMS2_VDNN1.npy, AMS2_ADNN5_VMS2_VDNN2.npy, AMS2_ADNN5_VMS2_VDNN3.npy, AMS2_ADNN5_VMS2_VDNN4.npy, AMS2_ADNN5_VMS2_VDNN5.npy, AMS2_ADNN5_VMS3_VDNN1.npy, AMS2_ADNN5_VMS3_VDNN2.npy, AMS2_ADNN5_VMS3_VDNN3.npy, AMS2_ADNN5_VMS3_VDNN4.npy, AMS2_ADNN5_VMS3_VDNN5.npy, AMS2_ADNN5_VMS4_VDNN1.npy, AMS2_ADNN5_VMS4_VDNN2.npy, AMS2_ADNN5_VMS4_VDNN3.npy, AMS2_ADNN5_VMS4_VDNN4.npy, AMS2_ADNN5_VMS4_VDNN5.npy, AMS2_ADNN5_VMS5_VDNN1.npy, AMS2_ADNN5_VMS5_VDNN2.npy, AMS2_ADNN5_VMS5_VDNN3.npy, AMS2_ADNN5_VMS5_VDNN4.npy, AMS2_ADNN5_VMS5_VDNN5.npy",0.189717035892044,14.59887765822211,46.1229996414186,55,0.510509392126465,30.000649008877062,53
1.11582564,28.762206,"AMS2_ADNN6_VMS1_VDNN1.npy, AMS2_ADNN6_VMS1_VDNN2.npy, AMS2_ADNN6_VMS1_VDNN3.npy, AMS2_ADNN6_VMS1_VDNN4.npy, AMS2_ADNN6_VMS1_VDNN5.npy, AMS2_ADNN6_VMS2_VDNN1.npy, AMS2_ADNN6_VMS2_VDNN2.npy, AMS2_ADNN6_VMS2_VDNN3.npy, AMS2_ADNN6_VMS2_VDNN4.npy, AMS2_ADNN6_VMS2_VDNN5.npy, AMS2_ADNN6_VMS3_VDNN1.npy, AMS2_ADNN6_VMS3_VDNN2.npy, AMS2_ADNN6_VMS3_VDNN3.npy, AMS2_ADNN6_VMS3_VDNN4.npy, AMS2_ADNN6_VMS3_VDNN5.npy, AMS2_ADNN6_VMS4_VDNN1.npy, AMS2_ADNN6_VMS4_VDNN2.npy, AMS2_ADNN6_VMS4_VDNN3.npy, AMS2_ADNN6_VMS4_VDNN4.npy, AMS2_ADNN6_VMS4_VDNN5.npy, AMS2_ADNN6_VMS5_VDNN1.npy, AMS2_ADNN6_VMS5_VDNN2.npy, AMS2_ADNN6_VMS5_VDNN3.npy, AMS2_ADNN6_VMS5_VDNN4.npy, AMS2_ADNN6_VMS5_VDNN5.npy",0.1772365548170335,14.479584442323157,14.504361726736327,50,0.4549026591278075,28.99094902058515,52
1.11582564,117.181603,"AMS2_ADNN7_VMS1_VDNN1.npy, AMS2_ADNN7_VMS1_VDNN2.npy, AMS2_ADNN7_VMS1_VDNN3.npy, AMS2_ADNN7_VMS1_VDNN4.npy, AMS2_ADNN7_VMS1_VDNN5.npy, AMS2_ADNN7_VMS2_VDNN1.npy, AMS2_ADNN7_VMS2_VDNN2.npy, AMS2_ADNN7_VMS2_VDNN3.npy, AMS2_ADNN7_VMS2_VDNN4.npy, AMS2_ADNN7_VMS2_VDNN5.npy, AMS2_ADNN7_VMS3_VDNN1.npy, AMS2_ADNN7_VMS3_VDNN2.npy, AMS2_ADNN7_VMS3_VDNN3.npy, AMS2_ADNN7_VMS3_VDNN4.npy, AMS2_ADNN7_VMS3_VDNN5.npy, AMS2_ADNN7_VMS4_VDNN1.npy, AMS2_ADNN7_VMS4_VDNN2.npy, AMS2_ADNN7_VMS4_VDNN3.npy, AMS2_ADNN7_VMS4_VDNN4.npy, AMS2_ADNN7_VMS4_VDNN5.npy, AMS2_ADNN7_VMS5_VDNN1.npy, AMS2_ADNN7_VMS5_VDNN2.npy, AMS2_ADNN7_VMS5_VDNN3.npy, AMS2_ADNN7_VMS5_VDNN4.npy, AMS2_ADNN7_VMS5_VDNN5.npy",0.1804442380605428,14.487372134796964,12.121567748834943,50,0.4488710747436523,26.00104896043396,50
0.59584332,8.74767114,"AMS3_ADNN1_VMS1_VDNN1.npy, AMS3_ADNN1_VMS1_VDNN2.npy, AMS3_ADNN1_VMS1_VDNN3.npy, AMS3_ADNN1_VMS1_VDNN4.npy, AMS3_ADNN1_VMS1_VDNN5.npy, AMS3_ADNN1_VMS2_VDNN1.npy, AMS3_ADNN1_VMS2_VDNN2.npy, AMS3_ADNN1_VMS2_VDNN3.npy, AMS3_ADNN1_VMS2_VDNN4.npy, AMS3_ADNN1_VMS2_VDNN5.npy, AMS3_ADNN1_VMS3_VDNN1.npy, AMS3_ADNN1_VMS3_VDNN2.npy, AMS3_ADNN1_VMS3_VDNN3.npy, AMS3_ADNN1_VMS3_VDNN4.npy, AMS3_ADNN1_VMS3_VDNN5.npy, AMS3_ADNN1_VMS4_VDNN1.npy, AMS3_ADNN1_VMS4_VDNN2.npy, AMS3_ADNN1_VMS4_VDNN3.npy, AMS3_ADNN1_VMS4_VDNN4.npy, AMS3_ADNN1_VMS4_VDNN5.npy, AMS3_ADNN1_VMS5_VDNN1.npy, AMS3_ADNN1_VMS5_VDNN2.npy, AMS3_ADNN1_VMS5_VDNN3.npy, AMS3_ADNN1_VMS5_VDNN4.npy, AMS3_ADNN1_VMS5_VDNN5.npy",18.52103588409839,7.898050926874104,48.35859061867177,50,0.3521748059112549,52.34497153647358,50
0.59584332,24.4029475,"AMS3_ADNN2_VMS1_VDNN1.npy, AMS3_ADNN2_VMS1_VDNN2.npy, AMS3_ADNN2_VMS1_VDNN3.npy, AMS3_ADNN2_VMS1_VDNN4.npy, AMS3_ADNN2_VMS1_VDNN5.npy, AMS3_ADNN2_VMS2_VDNN1.npy, AMS3_ADNN2_VMS2_VDNN2.npy, AMS3_ADNN2_VMS2_VDNN3.npy, AMS3_ADNN2_VMS2_VDNN4.npy, AMS3_ADNN2_VMS2_VDNN5.npy, AMS3_ADNN2_VMS3_VDNN1.npy, AMS3_ADNN2_VMS3_VDNN2.npy, AMS3_ADNN2_VMS3_VDNN3.npy, AMS3_ADNN2_VMS3_VDNN4.npy, AMS3_ADNN2_VMS3_VDNN5.npy, AMS3_ADNN2_VMS4_VDNN1.npy, AMS3_ADNN2_VMS4_VDNN2.npy, AMS3_ADNN2_VMS4_VDNN3.npy, AMS3_ADNN2_VMS4_VDNN4.npy, AMS3_ADNN2_VMS4_VDNN5.npy, AMS3_ADNN2_VMS5_VDNN1.npy, AMS3_ADNN2_VMS5_VDNN2.npy, AMS3_ADNN2_VMS5_VDNN3.npy, AMS3_ADNN2_VMS5_VDNN4.npy, AMS3_ADNN2_VMS5_VDNN5.npy",17.636353999132737,8.13667553260602,48.03975478983487,50,0.3600451765289307,50.59861233798535,50
0.59584332,103.460163,"AMS3_ADNN3_VMS1_VDNN1.npy, AMS3_ADNN3_VMS1_VDNN2.npy, AMS3_ADNN3_VMS1_VDNN3.npy, AMS3_ADNN3_VMS1_VDNN4.npy, AMS3_ADNN3_VMS1_VDNN5.npy, AMS3_ADNN3_VMS2_VDNN1.npy, AMS3_ADNN3_VMS2_VDNN2.npy, AMS3_ADNN3_VMS2_VDNN3.npy, AMS3_ADNN3_VMS2_VDNN4.npy, AMS3_ADNN3_VMS2_VDNN5.npy, AMS3_ADNN3_VMS3_VDNN1.npy, AMS3_ADNN3_VMS3_VDNN2.npy, AMS3_ADNN3_VMS3_VDNN3.npy, AMS3_ADNN3_VMS3_VDNN4.npy, AMS3_ADNN3_VMS3_VDNN5.npy, AMS3_ADNN3_VMS4_VDNN1.npy, AMS3_ADNN3_VMS4_VDNN2.npy, AMS3_ADNN3_VMS4_VDNN3.npy, AMS3_ADNN3_VMS4_VDNN4.npy, AMS3_ADNN3_VMS4_VDNN5.npy, AMS3_ADNN3_VMS5_VDNN1.npy, AMS3_ADNN3_VMS5_VDNN2.npy, AMS3_ADNN3_VMS5_VDNN3.npy, AMS3_ADNN3_VMS5_VDNN4.npy, AMS3_ADNN3_VMS5_VDNN5.npy",18.19987302335376,7.736697771684364,49.78284472563122,50,0.356672560824585,48.65774761666984,48
0.59584332,0.366064129,"AMS3_ADNN4_VMS1_VDNN1.npy, AMS3_ADNN4_VMS1_VDNN2.npy, AMS3_ADNN4_VMS1_VDNN3.npy, AMS3_ADNN4_VMS1_VDNN4.npy, AMS3_ADNN4_VMS1_VDNN5.npy, AMS3_ADNN4_VMS2_VDNN1.npy, AMS3_ADNN4_VMS2_VDNN2.npy, AMS3_ADNN4_VMS2_VDNN3.npy, AMS3_ADNN4_VMS2_VDNN4.npy, AMS3_ADNN4_VMS2_VDNN5.npy, AMS3_ADNN4_VMS3_VDNN1.npy, AMS3_ADNN4_VMS3_VDNN2.npy, AMS3_ADNN4_VMS3_VDNN3.npy, AMS3_ADNN4_VMS3_VDNN4.npy, AMS3_ADNN4_VMS3_VDNN5.npy, AMS3_ADNN4_VMS4_VDNN1.npy, AMS3_ADNN4_VMS4_VDNN2.npy, AMS3_ADNN4_VMS4_VDNN3.npy, AMS3_ADNN4_VMS4_VDNN4.npy, AMS3_ADNN4_VMS4_VDNN5.npy, AMS3_ADNN4_VMS5_VDNN1.npy, AMS3_ADNN4_VMS5_VDNN2.npy, AMS3_ADNN4_VMS5_VDNN3.npy, AMS3_ADNN4_VMS5_VDNN4.npy, AMS3_ADNN4_VMS5_VDNN5.npy",19.127480561762777,7.707984482234673,49.40928585815431,50,0.3459361296051025,53.45852324572243,50
0.59584332,0.00583815967,"AMS3_ADNN5_VMS1_VDNN1.npy, AMS3_ADNN5_VMS1_VDNN2.npy, AMS3_ADNN5_VMS1_VDNN3.npy, AMS3_ADNN5_VMS1_VDNN4.npy, AMS3_ADNN5_VMS1_VDNN5.npy, AMS3_ADNN5_VMS2_VDNN1.npy, AMS3_ADNN5_VMS2_VDNN2.npy, AMS3_ADNN5_VMS2_VDNN3.npy, AMS3_ADNN5_VMS2_VDNN4.npy, AMS3_ADNN5_VMS2_VDNN5.npy, AMS3_ADNN5_VMS3_VDNN1.npy, AMS3_ADNN5_VMS3_VDNN2.npy, AMS3_ADNN5_VMS3_VDNN3.npy, AMS3_ADNN5_VMS3_VDNN4.npy, AMS3_ADNN5_VMS3_VDNN5.npy, AMS3_ADNN5_VMS4_VDNN1.npy, AMS3_ADNN5_VMS4_VDNN2.npy, AMS3_ADNN5_VMS4_VDNN3.npy, AMS3_ADNN5_VMS4_VDNN4.npy, AMS3_ADNN5_VMS4_VDNN5.npy, AMS3_ADNN5_VMS5_VDNN1.npy, AMS3_ADNN5_VMS5_VDNN2.npy, AMS3_ADNN5_VMS5_VDNN3.npy, AMS3_ADNN5_VMS5_VDNN4.npy, AMS3_ADNN5_VMS5_VDNN5.npy",18.68436490959865,7.493125430633473,47.91390595387327,50,0.3451431717010498,52.811801725775624,50
0.59584332,28.762206,"AMS3_ADNN6_VMS1_VDNN1.npy, AMS3_ADNN6_VMS1_VDNN2.npy, AMS3_ADNN6_VMS1_VDNN3.npy, AMS3_ADNN6_VMS1_VDNN4.npy, AMS3_ADNN6_VMS1_VDNN5.npy, AMS3_ADNN6_VMS2_VDNN1.npy, AMS3_ADNN6_VMS2_VDNN2.npy, AMS3_ADNN6_VMS2_VDNN3.npy, AMS3_ADNN6_VMS2_VDNN4.npy, AMS3_ADNN6_VMS2_VDNN5.npy, AMS3_ADNN6_VMS3_VDNN1.npy, AMS3_ADNN6_VMS3_VDNN2.npy, AMS3_ADNN6_VMS3_VDNN3.npy, AMS3_ADNN6_VMS3_VDNN4.npy, AMS3_ADNN6_VMS3_VDNN5.npy, AMS3_ADNN6_VMS4_VDNN1.npy, AMS3_ADNN6_VMS4_VDNN2.npy, AMS3_ADNN6_VMS4_VDNN3.npy, AMS3_ADNN6_VMS4_VDNN4.npy, AMS3_ADNN6_VMS4_VDNN5.npy, AMS3_ADNN6_VMS5_VDNN1.npy, AMS3_ADNN6_VMS5_VDNN2.npy, AMS3_ADNN6_VMS5_VDNN3.npy, AMS3_ADNN6_VMS5_VDNN4.npy, AMS3_ADNN6_VMS5_VDNN5.npy",18.14554116492885,7.657852584875765,49.82737626800541,50,0.3620981157989503,51.09984831458759,50
0.59584332,117.181603,"AMS3_ADNN7_VMS1_VDNN1.npy, AMS3_ADNN7_VMS1_VDNN2.npy, AMS3_ADNN7_VMS1_VDNN3.npy, AMS3_ADNN7_VMS1_VDNN4.npy, AMS3_ADNN7_VMS1_VDNN5.npy, AMS3_ADNN7_VMS2_VDNN1.npy, AMS3_ADNN7_VMS2_VDNN2.npy, AMS3_ADNN7_VMS2_VDNN3.npy, AMS3_ADNN7_VMS2_VDNN4.npy, AMS3_ADNN7_VMS2_VDNN5.npy, AMS3_ADNN7_VMS3_VDNN1.npy, AMS3_ADNN7_VMS3_VDNN2.npy, AMS3_ADNN7_VMS3_VDNN3.npy, AMS3_ADNN7_VMS3_VDNN4.npy, AMS3_ADNN7_VMS3_VDNN5.npy, AMS3_ADNN7_VMS4_VDNN1.npy, AMS3_ADNN7_VMS4_VDNN2.npy, AMS3_ADNN7_VMS4_VDNN3.npy, AMS3_ADNN7_VMS4_VDNN4.npy, AMS3_ADNN7_VMS4_VDNN5.npy, AMS3_ADNN7_VMS5_VDNN1.npy, AMS3_ADNN7_VMS5_VDNN2.npy, AMS3_ADNN7_VMS5_VDNN3.npy, AMS3_ADNN7_VMS5_VDNN4.npy, AMS3_ADNN7_VMS5_VDNN5.npy",18.49024963704069,7.826171363318035,48.71735960646353,45,0.3533114729339601,48.61701551760146,47
0.14998521,8.74767114,"AMS4_ADNN1_VMS1_VDNN1.npy, AMS4_ADNN1_VMS1_VDNN2.npy, AMS4_ADNN1_VMS1_VDNN3.npy, AMS4_ADNN1_VMS1_VDNN4.npy, AMS4_ADNN1_VMS1_VDNN5.npy, AMS4_ADNN1_VMS2_VDNN1.npy, AMS4_ADNN1_VMS2_VDNN2.npy, AMS4_ADNN1_VMS2_VDNN3.npy, AMS4_ADNN1_VMS2_VDNN4.npy, AMS4_ADNN1_VMS2_VDNN5.npy, AMS4_ADNN1_VMS3_VDNN1.npy, AMS4_ADNN1_VMS3_VDNN2.npy, AMS4_ADNN1_VMS3_VDNN3.npy, AMS4_ADNN1_VMS3_VDNN4.npy, AMS4_ADNN1_VMS3_VDNN5.npy, AMS4_ADNN1_VMS4_VDNN1.npy, AMS4_ADNN1_VMS4_VDNN2.npy, AMS4_ADNN1_VMS4_VDNN3.npy, AMS4_ADNN1_VMS4_VDNN4.npy, AMS4_ADNN1_VMS4_VDNN5.npy, AMS4_ADNN1_VMS5_VDNN1.npy, AMS4_ADNN1_VMS5_VDNN2.npy, AMS4_ADNN1_VMS5_VDNN3.npy, AMS4_ADNN1_VMS5_VDNN4.npy, AMS4_ADNN1_VMS5_VDNN5.npy",13.029276191422468,19.384743915252777,44.03313920613444,50,0.4357898721496582,44.32273825577728,49
0.14998521,24.4029475,"AMS4_ADNN2_VMS1_VDNN1.npy, AMS4_ADNN2_VMS1_VDNN2.npy, AMS4_ADNN2_VMS1_VDNN3.npy, AMS4_ADNN2_VMS1_VDNN4.npy, AMS4_ADNN2_VMS1_VDNN5.npy, AMS4_ADNN2_VMS2_VDNN1.npy, AMS4_ADNN2_VMS2_VDNN2.npy, AMS4_ADNN2_VMS2_VDNN3.npy, AMS4_ADNN2_VMS2_VDNN4.npy, AMS4_ADNN2_VMS2_VDNN5.npy, AMS4_ADNN2_VMS3_VDNN1.npy, AMS4_ADNN2_VMS3_VDNN2.npy, AMS4_ADNN2_VMS3_VDNN3.npy, AMS4_ADNN2_VMS3_VDNN4.npy, AMS4_ADNN2_VMS3_VDNN5.npy, AMS4_ADNN2_VMS4_VDNN1.npy, AMS4_ADNN2_VMS4_VDNN2.npy, AMS4_ADNN2_VMS4_VDNN3.npy, AMS4_ADNN2_VMS4_VDNN4.npy, AMS4_ADNN2_VMS4_VDNN5.npy, AMS4_ADNN2_VMS5_VDNN1.npy, AMS4_ADNN2_VMS5_VDNN2.npy, AMS4_ADNN2_VMS5_VDNN3.npy, AMS4_ADNN2_VMS5_VDNN4.npy, AMS4_ADNN2_VMS5_VDNN5.npy",13.623649628076784,19.78778401393327,46.82336185422791,55,0.427458764074707,44.693326496055455,49
0.14998521,103.460163,"AMS4_ADNN3_VMS1_VDNN1.npy, AMS4_ADNN3_VMS1_VDNN2.npy, AMS4_ADNN3_VMS1_VDNN3.npy, AMS4_ADNN3_VMS1_VDNN4.npy, AMS4_ADNN3_VMS1_VDNN5.npy, AMS4_ADNN3_VMS2_VDNN1.npy, AMS4_ADNN3_VMS2_VDNN2.npy, AMS4_ADNN3_VMS2_VDNN3.npy, AMS4_ADNN3_VMS2_VDNN4.npy, AMS4_ADNN3_VMS2_VDNN5.npy, AMS4_ADNN3_VMS3_VDNN1.npy, AMS4_ADNN3_VMS3_VDNN2.npy, AMS4_ADNN3_VMS3_VDNN3.npy, AMS4_ADNN3_VMS3_VDNN4.npy, AMS4_ADNN3_VMS3_VDNN5.npy, AMS4_ADNN3_VMS4_VDNN1.npy, AMS4_ADNN3_VMS4_VDNN2.npy, AMS4_ADNN3_VMS4_VDNN3.npy, AMS4_ADNN3_VMS4_VDNN4.npy, AMS4_ADNN3_VMS4_VDNN5.npy, AMS4_ADNN3_VMS5_VDNN1.npy, AMS4_ADNN3_VMS5_VDNN2.npy, AMS4_ADNN3_VMS5_VDNN3.npy, AMS4_ADNN3_VMS5_VDNN4.npy, AMS4_ADNN3_VMS5_VDNN5.npy",13.670651974885246,19.113160928167343,48.17100363068904,45,0.4333338665191651,41.98077748493012,46
0.14998521,0.366064129,"AMS4_ADNN4_VMS1_VDNN1.npy, AMS4_ADNN4_VMS1_VDNN2.npy, AMS4_ADNN4_VMS1_VDNN3.npy, AMS4_ADNN4_VMS1_VDNN4.npy, AMS4_ADNN4_VMS1_VDNN5.npy, AMS4_ADNN4_VMS2_VDNN1.npy, AMS4_ADNN4_VMS2_VDNN2.npy, AMS4_ADNN4_VMS2_VDNN3.npy, AMS4_ADNN4_VMS2_VDNN4.npy, AMS4_ADNN4_VMS2_VDNN5.npy, AMS4_ADNN4_VMS3_VDNN1.npy, AMS4_ADNN4_VMS3_VDNN2.npy, AMS4_ADNN4_VMS3_VDNN3.npy, AMS4_ADNN4_VMS3_VDNN4.npy, AMS4_ADNN4_VMS3_VDNN5.npy, AMS4_ADNN4_VMS4_VDNN1.npy, AMS4_ADNN4_VMS4_VDNN2.npy, AMS4_ADNN4_VMS4_VDNN3.npy, AMS4_ADNN4_VMS4_VDNN4.npy, AMS4_ADNN4_VMS4_VDNN5.npy, AMS4_ADNN4_VMS5_VDNN1.npy, AMS4_ADNN4_VMS5_VDNN2.npy, AMS4_ADNN4_VMS5_VDNN3.npy, AMS4_ADNN4_VMS5_VDNN4.npy, AMS4_ADNN4_VMS5_VDNN5.npy",12.74999225132023,19.640155771691823,45.657627021591296,45,0.4480780873443605,44.24969697233902,49
0.14998521,0.00583815967,"AMS4_ADNN5_VMS1_VDNN1.npy, AMS4_ADNN5_VMS1_VDNN2.npy, AMS4_ADNN5_VMS1_VDNN3.npy, AMS4_ADNN5_VMS1_VDNN4.npy, AMS4_ADNN5_VMS1_VDNN5.npy, AMS4_ADNN5_VMS2_VDNN1.npy, AMS4_ADNN5_VMS2_VDNN2.npy, AMS4_ADNN5_VMS2_VDNN3.npy, AMS4_ADNN5_VMS2_VDNN4.npy, AMS4_ADNN5_VMS2_VDNN5.npy, AMS4_ADNN5_VMS3_VDNN1.npy, AMS4_ADNN5_VMS3_VDNN2.npy, AMS4_ADNN5_VMS3_VDNN3.npy, AMS4_ADNN5_VMS3_VDNN4.npy, AMS4_ADNN5_VMS3_VDNN5.npy, AMS4_ADNN5_VMS4_VDNN1.npy, AMS4_ADNN5_VMS4_VDNN2.npy, AMS4_ADNN5_VMS4_VDNN3.npy, AMS4_ADNN5_VMS4_VDNN4.npy, AMS4_ADNN5_VMS4_VDNN5.npy, AMS4_ADNN5_VMS5_VDNN1.npy, AMS4_ADNN5_VMS5_VDNN2.npy, AMS4_ADNN5_VMS5_VDNN3.npy, AMS4_ADNN5_VMS5_VDNN4.npy, AMS4_ADNN5_VMS5_VDNN5.npy",13.093369424903768,19.577550851118147,47.12007045349325,50,0.4401668762237549,44.73833925575013,49
0.14998521,28.762206,"AMS4_ADNN6_VMS1_VDNN1.npy, AMS4_ADNN6_VMS1_VDNN2.npy, AMS4_ADNN6_VMS1_VDNN3.npy, AMS4_ADNN6_VMS1_VDNN4.npy, AMS4_ADNN6_VMS1_VDNN5.npy, AMS4_ADNN6_VMS2_VDNN1.npy, AMS4_ADNN6_VMS2_VDNN2.npy, AMS4_ADNN6_VMS2_VDNN3.npy, AMS4_ADNN6_VMS2_VDNN4.npy, AMS4_ADNN6_VMS2_VDNN5.npy, AMS4_ADNN6_VMS3_VDNN1.npy, AMS4_ADNN6_VMS3_VDNN2.npy, AMS4_ADNN6_VMS3_VDNN3.npy, AMS4_ADNN6_VMS3_VDNN4.npy, AMS4_ADNN6_VMS3_VDNN5.npy, AMS4_ADNN6_VMS4_VDNN1.npy, AMS4_ADNN6_VMS4_VDNN2.npy, AMS4_ADNN6_VMS4_VDNN3.npy, AMS4_ADNN6_VMS4_VDNN4.npy, AMS4_ADNN6_VMS4_VDNN5.npy, AMS4_ADNN6_VMS5_VDNN1.npy, AMS4_ADNN6_VMS5_VDNN2.npy, AMS4_ADNN6_VMS5_VDNN3.npy, AMS4_ADNN6_VMS5_VDNN4.npy, AMS4_ADNN6_VMS5_VDNN5.npy",13.132006273972042,20.22315146654216,45.66527894397069,55,0.4399975487701417,43.9150493406744,48
0.14998521,117.181603,"AMS4_ADNN7_VMS1_VDNN1.npy, AMS4_ADNN7_VMS1_VDNN2.npy, AMS4_ADNN7_VMS1_VDNN3.npy, AMS4_ADNN7_VMS1_VDNN4.npy, AMS4_ADNN7_VMS1_VDNN5.npy, AMS4_ADNN7_VMS2_VDNN1.npy, AMS4_ADNN7_VMS2_VDNN2.npy, AMS4_ADNN7_VMS2_VDNN3.npy, AMS4_ADNN7_VMS2_VDNN4.npy, AMS4_ADNN7_VMS2_VDNN5.npy, AMS4_ADNN7_VMS3_VDNN1.npy, AMS4_ADNN7_VMS3_VDNN2.npy, AMS4_ADNN7_VMS3_VDNN3.npy, AMS4_ADNN7_VMS3_VDNN4.npy, AMS4_ADNN7_VMS3_VDNN5.npy, AMS4_ADNN7_VMS4_VDNN1.npy, AMS4_ADNN7_VMS4_VDNN2.npy, AMS4_ADNN7_VMS4_VDNN3.npy, AMS4_ADNN7_VMS4_VDNN4.npy, AMS4_ADNN7_VMS4_VDNN5.npy, AMS4_ADNN7_VMS5_VDNN1.npy, AMS4_ADNN7_VMS5_VDNN2.npy, AMS4_ADNN7_VMS5_VDNN3.npy, AMS4_ADNN7_VMS5_VDNN4.npy, AMS4_ADNN7_VMS5_VDNN5.npy",12.722707468270938,20.29071002097044,48.92328770372956,45,0.4462369078918456,40.35049112658488,46
0.00265069,8.74767114,"AMS5_ADNN1_VMS1_VDNN1.npy, AMS5_ADNN1_VMS1_VDNN2.npy, AMS5_ADNN1_VMS1_VDNN3.npy, AMS5_ADNN1_VMS1_VDNN4.npy, AMS5_ADNN1_VMS1_VDNN5.npy, AMS5_ADNN1_VMS2_VDNN1.npy, AMS5_ADNN1_VMS2_VDNN2.npy, AMS5_ADNN1_VMS2_VDNN3.npy, AMS5_ADNN1_VMS2_VDNN4.npy, AMS5_ADNN1_VMS2_VDNN5.npy, AMS5_ADNN1_VMS3_VDNN1.npy, AMS5_ADNN1_VMS3_VDNN2.npy, AMS5_ADNN1_VMS3_VDNN3.npy, AMS5_ADNN1_VMS3_VDNN4.npy, AMS5_ADNN1_VMS3_VDNN5.npy, AMS5_ADNN1_VMS4_VDNN1.npy, AMS5_ADNN1_VMS4_VDNN2.npy, AMS5_ADNN1_VMS4_VDNN3.npy, AMS5_ADNN1_VMS4_VDNN4.npy, AMS5_ADNN1_VMS4_VDNN5.npy, AMS5_ADNN1_VMS5_VDNN1.npy, AMS5_ADNN1_VMS5_VDNN2.npy, AMS5_ADNN1_VMS5_VDNN3.npy, AMS5_ADNN1_VMS5_VDNN4.npy, AMS5_ADNN1_VMS5_VDNN5.npy",0.4931879589191646,0.1209932614544776,18.449766488953696,50,0.578038938543701,23.064650334080152,49
0.00265069,24.4029475,"AMS5_ADNN2_VMS1_VDNN1.npy, AMS5_ADNN2_VMS1_VDNN2.npy, AMS5_ADNN2_VMS1_VDNN3.npy, AMS5_ADNN2_VMS1_VDNN4.npy, AMS5_ADNN2_VMS1_VDNN5.npy, AMS5_ADNN2_VMS2_VDNN1.npy, AMS5_ADNN2_VMS2_VDNN2.npy, AMS5_ADNN2_VMS2_VDNN3.npy, AMS5_ADNN2_VMS2_VDNN4.npy, AMS5_ADNN2_VMS2_VDNN5.npy, AMS5_ADNN2_VMS3_VDNN1.npy, AMS5_ADNN2_VMS3_VDNN2.npy, AMS5_ADNN2_VMS3_VDNN3.npy, AMS5_ADNN2_VMS3_VDNN4.npy, AMS5_ADNN2_VMS3_VDNN5.npy, AMS5_ADNN2_VMS4_VDNN1.npy, AMS5_ADNN2_VMS4_VDNN2.npy, AMS5_ADNN2_VMS4_VDNN3.npy, AMS5_ADNN2_VMS4_VDNN4.npy, AMS5_ADNN2_VMS4_VDNN5.npy, AMS5_ADNN2_VMS5_VDNN1.npy, AMS5_ADNN2_VMS5_VDNN2.npy, AMS5_ADNN2_VMS5_VDNN3.npy, AMS5_ADNN2_VMS5_VDNN4.npy, AMS5_ADNN2_VMS5_VDNN5.npy",0.5047984797440599,0.1220971265917761,17.59943642996376,55,0.5784009171936035,22.550848429326376,49
0.00265069,103.460163,"AMS5_ADNN3_VMS1_VDNN1.npy, AMS5_ADNN3_VMS1_VDNN2.npy, AMS5_ADNN3_VMS1_VDNN3.npy, AMS5_ADNN3_VMS1_VDNN4.npy, AMS5_ADNN3_VMS1_VDNN5.npy, AMS5_ADNN3_VMS2_VDNN1.npy, AMS5_ADNN3_VMS2_VDNN2.npy, AMS5_ADNN3_VMS2_VDNN3.npy, AMS5_ADNN3_VMS2_VDNN4.npy, AMS5_ADNN3_VMS2_VDNN5.npy, AMS5_ADNN3_VMS3_VDNN1.npy, AMS5_ADNN3_VMS3_VDNN2.npy, AMS5_ADNN3_VMS3_VDNN3.npy, AMS5_ADNN3_VMS3_VDNN4.npy, AMS5_ADNN3_VMS3_VDNN5.npy, AMS5_ADNN3_VMS4_VDNN1.npy, AMS5_ADNN3_VMS4_VDNN2.npy, AMS5_ADNN3_VMS4_VDNN3.npy, AMS5_ADNN3_VMS4_VDNN4.npy, AMS5_ADNN3_VMS4_VDNN5.npy, AMS5_ADNN3_VMS5_VDNN1.npy, AMS5_ADNN3_VMS5_VDNN2.npy, AMS5_ADNN3_VMS5_VDNN3.npy, AMS5_ADNN3_VMS5_VDNN4.npy, AMS5_ADNN3_VMS5_VDNN5.npy",0.494469203184209,0.1217007344684073,21.285654465994828,45,0.5848670324401856,19.857762299098653,47
0.00265069,0.366064129,"AMS5_ADNN4_VMS1_VDNN1.npy, AMS5_ADNN4_VMS1_VDNN2.npy, AMS5_ADNN4_VMS1_VDNN3.npy, AMS5_ADNN4_VMS1_VDNN4.npy, AMS5_ADNN4_VMS1_VDNN5.npy, AMS5_ADNN4_VMS2_VDNN1.npy, AMS5_ADNN4_VMS2_VDNN2.npy, AMS5_ADNN4_VMS2_VDNN3.npy, AMS5_ADNN4_VMS2_VDNN4.npy, AMS5_ADNN4_VMS2_VDNN5.npy, AMS5_ADNN4_VMS3_VDNN1.npy, AMS5_ADNN4_VMS3_VDNN2.npy, AMS5_ADNN4_VMS3_VDNN3.npy, AMS5_ADNN4_VMS3_VDNN4.npy, AMS5_ADNN4_VMS3_VDNN5.npy, AMS5_ADNN4_VMS4_VDNN1.npy, AMS5_ADNN4_VMS4_VDNN2.npy, AMS5_ADNN4_VMS4_VDNN3.npy, AMS5_ADNN4_VMS4_VDNN4.npy, AMS5_ADNN4_VMS4_VDNN5.npy, AMS5_ADNN4_VMS5_VDNN1.npy, AMS5_ADNN4_VMS5_VDNN2.npy, AMS5_ADNN4_VMS5_VDNN3.npy, AMS5_ADNN4_VMS5_VDNN4.npy, AMS5_ADNN4_VMS5_VDNN5.npy",0.4712321587595869,0.1233241808742856,31.74938538360562,55,0.597755634371948,23.317901254247356,50
0.00265069,0.00583815967,"AMS5_ADNN5_VMS1_VDNN1.npy, AMS5_ADNN5_VMS1_VDNN2.npy, AMS5_ADNN5_VMS1_VDNN3.npy, AMS5_ADNN5_VMS1_VDNN4.npy, AMS5_ADNN5_VMS1_VDNN5.npy, AMS5_ADNN5_VMS2_VDNN1.npy, AMS5_ADNN5_VMS2_VDNN2.npy, AMS5_ADNN5_VMS2_VDNN3.npy, AMS5_ADNN5_VMS2_VDNN4.npy, AMS5_ADNN5_VMS2_VDNN5.npy, AMS5_ADNN5_VMS3_VDNN1.npy, AMS5_ADNN5_VMS3_VDNN2.npy, AMS5_ADNN5_VMS3_VDNN3.npy, AMS5_ADNN5_VMS3_VDNN4.npy, AMS5_ADNN5_VMS3_VDNN5.npy, AMS5_ADNN5_VMS4_VDNN1.npy, AMS5_ADNN5_VMS4_VDNN2.npy, AMS5_ADNN5_VMS4_VDNN3.npy, AMS5_ADNN5_VMS4_VDNN4.npy, AMS5_ADNN5_VMS4_VDNN5.npy, AMS5_ADNN5_VMS5_VDNN1.npy, AMS5_ADNN5_VMS5_VDNN2.npy, AMS5_ADNN5_VMS5_VDNN3.npy, AMS5_ADNN5_VMS5_VDNN4.npy, AMS5_ADNN5_VMS5_VDNN5.npy",0.4743569506856337,0.1242066162016163,17.10171412866275,50,0.5680588875823975,23.334657785025875,50
0.00265069,28.762206,"AMS5_ADNN6_VMS1_VDNN1.npy, AMS5_ADNN6_VMS1_VDNN2.npy, AMS5_ADNN6_VMS1_VDNN3.npy, AMS5_ADNN6_VMS1_VDNN4.npy, AMS5_ADNN6_VMS1_VDNN5.npy, AMS5_ADNN6_VMS2_VDNN1.npy, AMS5_ADNN6_VMS2_VDNN2.npy, AMS5_ADNN6_VMS2_VDNN3.npy, AMS5_ADNN6_VMS2_VDNN4.npy, AMS5_ADNN6_VMS2_VDNN5.npy, AMS5_ADNN6_VMS3_VDNN1.npy, AMS5_ADNN6_VMS3_VDNN2.npy, AMS5_ADNN6_VMS3_VDNN3.npy, AMS5_ADNN6_VMS3_VDNN4.npy, AMS5_ADNN6_VMS3_VDNN5.npy, AMS5_ADNN6_VMS4_VDNN1.npy, AMS5_ADNN6_VMS4_VDNN2.npy, AMS5_ADNN6_VMS4_VDNN3.npy, AMS5_ADNN6_VMS4_VDNN4.npy, AMS5_ADNN6_VMS4_VDNN5.npy, AMS5_ADNN6_VMS5_VDNN1.npy, AMS5_ADNN6_VMS5_VDNN2.npy, AMS5_ADNN6_VMS5_VDNN3.npy, AMS5_ADNN6_VMS5_VDNN4.npy, AMS5_ADNN6_VMS5_VDNN5.npy",0.4872838487442039,0.1292377862165141,20.925572414618323,45,0.5849106083587647,22.379446335708433,49
0.00265069,117.181603,"AMS5_ADNN7_VMS1_VDNN1.npy, AMS5_ADNN7_VMS1_VDNN2.npy, AMS5_ADNN7_VMS1_VDNN3.npy, AMS5_ADNN7_VMS1_VDNN4.npy, AMS5_ADNN7_VMS1_VDNN5.npy, AMS5_ADNN7_VMS2_VDNN1.npy, AMS5_ADNN7_VMS2_VDNN2.npy, AMS5_ADNN7_VMS2_VDNN3.npy, AMS5_ADNN7_VMS2_VDNN4.npy, AMS5_ADNN7_VMS2_VDNN5.npy, AMS5_ADNN7_VMS3_VDNN1.npy, AMS5_ADNN7_VMS3_VDNN2.npy, AMS5_ADNN7_VMS3_VDNN3.npy, AMS5_ADNN7_VMS3_VDNN4.npy, AMS5_ADNN7_VMS3_VDNN5.npy, AMS5_ADNN7_VMS4_VDNN1.npy, AMS5_ADNN7_VMS4_VDNN2.npy, AMS5_ADNN7_VMS4_VDNN3.npy, AMS5_ADNN7_VMS4_VDNN4.npy, AMS5_ADNN7_VMS4_VDNN5.npy, AMS5_ADNN7_VMS5_VDNN1.npy, AMS5_ADNN7_VMS5_VDNN2.npy, AMS5_ADNN7_VMS5_VDNN3.npy, AMS5_ADNN7_VMS5_VDNN4.npy, AMS5_ADNN7_VMS5_VDNN5.npy",0.5011664718003257,0.1242050308146786,18.261719763489445,50,0.5794539729156495,19.402735791585485,46
0.00725927,8.74767114,"AMS6_ADNN1_VMS1_VDNN1.npy, AMS6_ADNN1_VMS1_VDNN2.npy, AMS6_ADNN1_VMS1_VDNN3.npy, AMS6_ADNN1_VMS1_VDNN4.npy, AMS6_ADNN1_VMS1_VDNN5.npy, AMS6_ADNN1_VMS2_VDNN1.npy, AMS6_ADNN1_VMS2_VDNN2.npy, AMS6_ADNN1_VMS2_VDNN3.npy, AMS6_ADNN1_VMS2_VDNN4.npy, AMS6_ADNN1_VMS2_VDNN5.npy, AMS6_ADNN1_VMS3_VDNN1.npy, AMS6_ADNN1_VMS3_VDNN2.npy, AMS6_ADNN1_VMS3_VDNN3.npy, AMS6_ADNN1_VMS3_VDNN4.npy, AMS6_ADNN1_VMS3_VDNN5.npy, AMS6_ADNN1_VMS4_VDNN1.npy, AMS6_ADNN1_VMS4_VDNN2.npy, AMS6_ADNN1_VMS4_VDNN3.npy, AMS6_ADNN1_VMS4_VDNN4.npy, AMS6_ADNN1_VMS4_VDNN5.npy, AMS6_ADNN1_VMS5_VDNN1.npy, AMS6_ADNN1_VMS5_VDNN2.npy, AMS6_ADNN1_VMS5_VDNN3.npy, AMS6_ADNN1_VMS5_VDNN4.npy, AMS6_ADNN1_VMS5_VDNN5.npy",0.0095115044970391,32.97669025924241,7.168249890441345,50,0.286956649746704,27.30159049192857,49
0.00725927,24.4029475,"AMS6_ADNN2_VMS1_VDNN1.npy, AMS6_ADNN2_VMS1_VDNN2.npy, AMS6_ADNN2_VMS1_VDNN3.npy, AMS6_ADNN2_VMS1_VDNN4.npy, AMS6_ADNN2_VMS1_VDNN5.npy, AMS6_ADNN2_VMS2_VDNN1.npy, AMS6_ADNN2_VMS2_VDNN2.npy, AMS6_ADNN2_VMS2_VDNN3.npy, AMS6_ADNN2_VMS2_VDNN4.npy, AMS6_ADNN2_VMS2_VDNN5.npy, AMS6_ADNN2_VMS3_VDNN1.npy, AMS6_ADNN2_VMS3_VDNN2.npy, AMS6_ADNN2_VMS3_VDNN3.npy, AMS6_ADNN2_VMS3_VDNN4.npy, AMS6_ADNN2_VMS3_VDNN5.npy, AMS6_ADNN2_VMS4_VDNN1.npy, AMS6_ADNN2_VMS4_VDNN2.npy, AMS6_ADNN2_VMS4_VDNN3.npy, AMS6_ADNN2_VMS4_VDNN4.npy, AMS6_ADNN2_VMS4_VDNN5.npy, AMS6_ADNN2_VMS5_VDNN1.npy, AMS6_ADNN2_VMS5_VDNN2.npy, AMS6_ADNN2_VMS5_VDNN3.npy, AMS6_ADNN2_VMS5_VDNN4.npy, AMS6_ADNN2_VMS5_VDNN5.npy",0.0089358179217643,32.03430611597198,10.472320470400584,55,0.287728884829712,26.629814712659687,49
0.00725927,103.460163,"AMS6_ADNN3_VMS1_VDNN1.npy, AMS6_ADNN3_VMS1_VDNN2.npy, AMS6_ADNN3_VMS1_VDNN3.npy, AMS6_ADNN3_VMS1_VDNN4.npy, AMS6_ADNN3_VMS1_VDNN5.npy, AMS6_ADNN3_VMS2_VDNN1.npy, AMS6_ADNN3_VMS2_VDNN2.npy, AMS6_ADNN3_VMS2_VDNN3.npy, AMS6_ADNN3_VMS2_VDNN4.npy, AMS6_ADNN3_VMS2_VDNN5.npy, AMS6_ADNN3_VMS3_VDNN1.npy, AMS6_ADNN3_VMS3_VDNN2.npy, AMS6_ADNN3_VMS3_VDNN3.npy, AMS6_ADNN3_VMS3_VDNN4.npy, AMS6_ADNN3_VMS3_VDNN5.npy, AMS6_ADNN3_VMS4_VDNN1.npy, AMS6_ADNN3_VMS4_VDNN2.npy, AMS6_ADNN3_VMS4_VDNN3.npy, AMS6_ADNN3_VMS4_VDNN4.npy, AMS6_ADNN3_VMS4_VDNN5.npy, AMS6_ADNN3_VMS5_VDNN1.npy, AMS6_ADNN3_VMS5_VDNN2.npy, AMS6_ADNN3_VMS5_VDNN3.npy, AMS6_ADNN3_VMS5_VDNN4.npy, AMS6_ADNN3_VMS5_VDNN5.npy",0.0094983733873739,32.25783426313577,17.49921294759813,45,0.2905647670623779,23.98553865926594,47
0.00725927,0.366064129,"AMS6_ADNN4_VMS1_VDNN1.npy, AMS6_ADNN4_VMS1_VDNN2.npy, AMS6_ADNN4_VMS1_VDNN3.npy, AMS6_ADNN4_VMS1_VDNN4.npy, AMS6_ADNN4_VMS1_VDNN5.npy, AMS6_ADNN4_VMS2_VDNN1.npy, AMS6_ADNN4_VMS2_VDNN2.npy, AMS6_ADNN4_VMS2_VDNN3.npy, AMS6_ADNN4_VMS2_VDNN4.npy, AMS6_ADNN4_VMS2_VDNN5.npy, AMS6_ADNN4_VMS3_VDNN1.npy, AMS6_ADNN4_VMS3_VDNN2.npy, AMS6_ADNN4_VMS3_VDNN3.npy, AMS6_ADNN4_VMS3_VDNN4.npy, AMS6_ADNN4_VMS3_VDNN5.npy, AMS6_ADNN4_VMS4_VDNN1.npy, AMS6_ADNN4_VMS4_VDNN2.npy, AMS6_ADNN4_VMS4_VDNN3.npy, AMS6_ADNN4_VMS4_VDNN4.npy, AMS6_ADNN4_VMS4_VDNN5.npy, AMS6_ADNN4_VMS5_VDNN1.npy, AMS6_ADNN4_VMS5_VDNN2.npy, AMS6_ADNN4_VMS5_VDNN3.npy, AMS6_ADNN4_VMS5_VDNN4.npy, AMS6_ADNN4_VMS5_VDNN5.npy",0.0094209768020383,31.741399229109803,49.28611287685821,55,0.3447190938751221,27.401166173875392,50
0.00725927,0.00583815967,"AMS6_ADNN5_VMS1_VDNN1.npy, AMS6_ADNN5_VMS1_VDNN2.npy, AMS6_ADNN5_VMS1_VDNN3.npy, AMS6_ADNN5_VMS1_VDNN4.npy, AMS6_ADNN5_VMS1_VDNN5.npy, AMS6_ADNN5_VMS2_VDNN1.npy, AMS6_ADNN5_VMS2_VDNN2.npy, AMS6_ADNN5_VMS2_VDNN3.npy, AMS6_ADNN5_VMS2_VDNN4.npy, AMS6_ADNN5_VMS2_VDNN5.npy, AMS6_ADNN5_VMS3_VDNN1.npy, AMS6_ADNN5_VMS3_VDNN2.npy, AMS6_ADNN5_VMS3_VDNN3.npy, AMS6_ADNN5_VMS3_VDNN4.npy, AMS6_ADNN5_VMS3_VDNN5.npy, AMS6_ADNN5_VMS4_VDNN1.npy, AMS6_ADNN5_VMS4_VDNN2.npy, AMS6_ADNN5_VMS4_VDNN3.npy, AMS6_ADNN5_VMS4_VDNN4.npy, AMS6_ADNN5_VMS4_VDNN5.npy, AMS6_ADNN5_VMS5_VDNN1.npy, AMS6_ADNN5_VMS5_VDNN2.npy, AMS6_ADNN5_VMS5_VDNN3.npy, AMS6_ADNN5_VMS5_VDNN4.npy, AMS6_ADNN5_VMS5_VDNN5.npy",0.009160823033108,32.3934240202679,47.316012619018586,50,0.3372614777557373,27.510260720870207,50
0.00725927,28.762206,"AMS6_ADNN6_VMS1_VDNN1.npy, AMS6_ADNN6_VMS1_VDNN2.npy, AMS6_ADNN6_VMS1_VDNN3.npy, AMS6_ADNN6_VMS1_VDNN4.npy, AMS6_ADNN6_VMS1_VDNN5.npy, AMS6_ADNN6_VMS2_VDNN1.npy, AMS6_ADNN6_VMS2_VDNN2.npy, AMS6_ADNN6_VMS2_VDNN3.npy, AMS6_ADNN6_VMS2_VDNN4.npy, AMS6_ADNN6_VMS2_VDNN5.npy, AMS6_ADNN6_VMS3_VDNN1.npy, AMS6_ADNN6_VMS3_VDNN2.npy, AMS6_ADNN6_VMS3_VDNN3.npy, AMS6_ADNN6_VMS3_VDNN4.npy, AMS6_ADNN6_VMS3_VDNN5.npy, AMS6_ADNN6_VMS4_VDNN1.npy, AMS6_ADNN6_VMS4_VDNN2.npy, AMS6_ADNN6_VMS4_VDNN3.npy, AMS6_ADNN6_VMS4_VDNN4.npy, AMS6_ADNN6_VMS4_VDNN5.npy, AMS6_ADNN6_VMS5_VDNN1.npy, AMS6_ADNN6_VMS5_VDNN2.npy, AMS6_ADNN6_VMS5_VDNN3.npy, AMS6_ADNN6_VMS5_VDNN4.npy, AMS6_ADNN6_VMS5_VDNN5.npy",0.0091577920327375,32.48053518485536,27.960143398642213,45,0.3112393675048829,26.54900061746572,49
0.00725927,117.181603,"AMS6_ADNN7_VMS1_VDNN1.npy, AMS6_ADNN7_VMS1_VDNN2.npy, AMS6_ADNN7_VMS1_VDNN3.npy, AMS6_ADNN7_VMS1_VDNN4.npy, AMS6_ADNN7_VMS1_VDNN5.npy, AMS6_ADNN7_VMS2_VDNN1.npy, AMS6_ADNN7_VMS2_VDNN2.npy, AMS6_ADNN7_VMS2_VDNN3.npy, AMS6_ADNN7_VMS2_VDNN4.npy, AMS6_ADNN7_VMS2_VDNN5.npy, AMS6_ADNN7_VMS3_VDNN1.npy, AMS6_ADNN7_VMS3_VDNN2.npy, AMS6_ADNN7_VMS3_VDNN3.npy, AMS6_ADNN7_VMS3_VDNN4.npy, AMS6_ADNN7_VMS3_VDNN5.npy, AMS6_ADNN7_VMS4_VDNN1.npy, AMS6_ADNN7_VMS4_VDNN2.npy, AMS6_ADNN7_VMS4_VDNN3.npy, AMS6_ADNN7_VMS4_VDNN4.npy, AMS6_ADNN7_VMS4_VDNN5.npy, AMS6_ADNN7_VMS5_VDNN1.npy, AMS6_ADNN7_VMS5_VDNN2.npy, AMS6_ADNN7_VMS5_VDNN3.npy, AMS6_ADNN7_VMS5_VDNN4.npy, AMS6_ADNN7_VMS5_VDNN5.npy",0.0096082733233402,31.909508350990524,14.797449623108292,45,0.2927366297821044,23.468861907920097,46
0.00825927,8.74767114,"AMS7_ADNN1_VMS1_VDNN1.npy, AMS7_ADNN1_VMS1_VDNN2.npy, AMS7_ADNN1_VMS1_VDNN3.npy, AMS7_ADNN1_VMS1_VDNN4.npy, AMS7_ADNN1_VMS1_VDNN5.npy, AMS7_ADNN1_VMS2_VDNN1.npy, AMS7_ADNN1_VMS2_VDNN2.npy, AMS7_ADNN1_VMS2_VDNN3.npy, AMS7_ADNN1_VMS2_VDNN4.npy, AMS7_ADNN1_VMS2_VDNN5.npy, AMS7_ADNN1_VMS3_VDNN1.npy, AMS7_ADNN1_VMS3_VDNN2.npy, AMS7_ADNN1_VMS3_VDNN3.npy, AMS7_ADNN1_VMS3_VDNN4.npy, AMS7_ADNN1_VMS3_VDNN5.npy, AMS7_ADNN1_VMS4_VDNN1.npy, AMS7_ADNN1_VMS4_VDNN2.npy, AMS7_ADNN1_VMS4_VDNN3.npy, AMS7_ADNN1_VMS4_VDNN4.npy, AMS7_ADNN1_VMS4_VDNN5.npy, AMS7_ADNN1_VMS5_VDNN1.npy, AMS7_ADNN1_VMS5_VDNN2.npy, AMS7_ADNN1_VMS5_VDNN3.npy, AMS7_ADNN1_VMS5_VDNN4.npy, AMS7_ADNN1_VMS5_VDNN5.npy",0.0093936714436943,28.49937206664032,24.8815326491942,50,0.3109528013153076,26.63798154172418,49
0.00825927,24.4029475,"AMS7_ADNN2_VMS1_VDNN1.npy, AMS7_ADNN2_VMS1_VDNN2.npy, AMS7_ADNN2_VMS1_VDNN3.npy, AMS7_ADNN2_VMS1_VDNN4.npy, AMS7_ADNN2_VMS1_VDNN5.npy, AMS7_ADNN2_VMS2_VDNN1.npy, AMS7_ADNN2_VMS2_VDNN2.npy, AMS7_ADNN2_VMS2_VDNN3.npy, AMS7_ADNN2_VMS2_VDNN4.npy, AMS7_ADNN2_VMS2_VDNN5.npy, AMS7_ADNN2_VMS3_VDNN1.npy, AMS7_ADNN2_VMS3_VDNN2.npy, AMS7_ADNN2_VMS3_VDNN3.npy, AMS7_ADNN2_VMS3_VDNN4.npy, AMS7_ADNN2_VMS3_VDNN5.npy, AMS7_ADNN2_VMS4_VDNN1.npy, AMS7_ADNN2_VMS4_VDNN2.npy, AMS7_ADNN2_VMS4_VDNN3.npy, AMS7_ADNN2_VMS4_VDNN4.npy, AMS7_ADNN2_VMS4_VDNN5.npy, AMS7_ADNN2_VMS5_VDNN1.npy, AMS7_ADNN2_VMS5_VDNN2.npy, AMS7_ADNN2_VMS5_VDNN3.npy, AMS7_ADNN2_VMS5_VDNN4.npy, AMS7_ADNN2_VMS5_VDNN5.npy",0.0094741000853797,27.98275090154733,20.310283183593867,50,0.3060895524444579,26.030642287680763,49
0.00825927,103.460163,"AMS7_ADNN3_VMS1_VDNN1.npy, AMS7_ADNN3_VMS1_VDNN2.npy, AMS7_ADNN3_VMS1_VDNN3.npy, AMS7_ADNN3_VMS1_VDNN4.npy, AMS7_ADNN3_VMS1_VDNN5.npy, AMS7_ADNN3_VMS2_VDNN1.npy, AMS7_ADNN3_VMS2_VDNN2.npy, AMS7_ADNN3_VMS2_VDNN3.npy, AMS7_ADNN3_VMS2_VDNN4.npy, AMS7_ADNN3_VMS2_VDNN5.npy, AMS7_ADNN3_VMS3_VDNN1.npy, AMS7_ADNN3_VMS3_VDNN2.npy, AMS7_ADNN3_VMS3_VDNN3.npy, AMS7_ADNN3_VMS3_VDNN4.npy, AMS7_ADNN3_VMS3_VDNN5.npy, AMS7_ADNN3_VMS4_VDNN1.npy, AMS7_ADNN3_VMS4_VDNN2.npy, AMS7_ADNN3_VMS4_VDNN3.npy, AMS7_ADNN3_VMS4_VDNN4.npy, AMS7_ADNN3_VMS4_VDNN5.npy, AMS7_ADNN3_VMS5_VDNN1.npy, AMS7_ADNN3_VMS5_VDNN2.npy, AMS7_ADNN3_VMS5_VDNN3.npy, AMS7_ADNN3_VMS5_VDNN4.npy, AMS7_ADNN3_VMS5_VDNN5.npy",0.0090973061723362,27.930341318453127,32.44315965500982,50,0.3078459831848144,23.34387748309679,47
0.00825927,0.366064129,"AMS7_ADNN4_VMS1_VDNN1.npy, AMS7_ADNN4_VMS1_VDNN2.npy, AMS7_ADNN4_VMS1_VDNN3.npy, AMS7_ADNN4_VMS1_VDNN4.npy, AMS7_ADNN4_VMS1_VDNN5.npy, AMS7_ADNN4_VMS2_VDNN1.npy, AMS7_ADNN4_VMS2_VDNN2.npy, AMS7_ADNN4_VMS2_VDNN3.npy, AMS7_ADNN4_VMS2_VDNN4.npy, AMS7_ADNN4_VMS2_VDNN5.npy, AMS7_ADNN4_VMS3_VDNN1.npy, AMS7_ADNN4_VMS3_VDNN2.npy, AMS7_ADNN4_VMS3_VDNN3.npy, AMS7_ADNN4_VMS3_VDNN4.npy, AMS7_ADNN4_VMS3_VDNN5.npy, AMS7_ADNN4_VMS4_VDNN1.npy, AMS7_ADNN4_VMS4_VDNN2.npy, AMS7_ADNN4_VMS4_VDNN3.npy, AMS7_ADNN4_VMS4_VDNN4.npy, AMS7_ADNN4_VMS4_VDNN5.npy, AMS7_ADNN4_VMS5_VDNN1.npy, AMS7_ADNN4_VMS5_VDNN2.npy, AMS7_ADNN4_VMS5_VDNN3.npy, AMS7_ADNN4_VMS5_VDNN4.npy, AMS7_ADNN4_VMS5_VDNN5.npy",0.0089971074815618,27.85998868991989,10.870541810260317,45,0.28959162182312,26.826011975113964,50
0.00825927,0.00583815967,"AMS7_ADNN5_VMS1_VDNN1.npy, AMS7_ADNN5_VMS1_VDNN2.npy, AMS7_ADNN5_VMS1_VDNN3.npy, AMS7_ADNN5_VMS1_VDNN4.npy, AMS7_ADNN5_VMS1_VDNN5.npy, AMS7_ADNN5_VMS2_VDNN1.npy, AMS7_ADNN5_VMS2_VDNN2.npy, AMS7_ADNN5_VMS2_VDNN3.npy, AMS7_ADNN5_VMS2_VDNN4.npy, AMS7_ADNN5_VMS2_VDNN5.npy, AMS7_ADNN5_VMS3_VDNN1.npy, AMS7_ADNN5_VMS3_VDNN2.npy, AMS7_ADNN5_VMS3_VDNN3.npy, AMS7_ADNN5_VMS3_VDNN4.npy, AMS7_ADNN5_VMS3_VDNN5.npy, AMS7_ADNN5_VMS4_VDNN1.npy, AMS7_ADNN5_VMS4_VDNN2.npy, AMS7_ADNN5_VMS4_VDNN3.npy, AMS7_ADNN5_VMS4_VDNN4.npy, AMS7_ADNN5_VMS4_VDNN5.npy, AMS7_ADNN5_VMS5_VDNN1.npy, AMS7_ADNN5_VMS5_VDNN2.npy, AMS7_ADNN5_VMS5_VDNN3.npy, AMS7_ADNN5_VMS5_VDNN4.npy, AMS7_ADNN5_VMS5_VDNN5.npy",0.0090535411885261,26.934421114056786,12.540209026555097,50,0.2877569159240722,26.700235119744526,50
0.00825927,28.762206,"AMS7_ADNN6_VMS1_VDNN1.npy, AMS7_ADNN6_VMS1_VDNN2.npy, AMS7_ADNN6_VMS1_VDNN3.npy, AMS7_ADNN6_VMS1_VDNN4.npy, AMS7_ADNN6_VMS1_VDNN5.npy, AMS7_ADNN6_VMS2_VDNN1.npy, AMS7_ADNN6_VMS2_VDNN2.npy, AMS7_ADNN6_VMS2_VDNN3.npy, AMS7_ADNN6_VMS2_VDNN4.npy, AMS7_ADNN6_VMS2_VDNN5.npy, AMS7_ADNN6_VMS3_VDNN1.npy, AMS7_ADNN6_VMS3_VDNN2.npy, AMS7_ADNN6_VMS3_VDNN3.npy, AMS7_ADNN6_VMS3_VDNN4.npy, AMS7_ADNN6_VMS3_VDNN5.npy, AMS7_ADNN6_VMS4_VDNN1.npy, AMS7_ADNN6_VMS4_VDNN2.npy, AMS7_ADNN6_VMS4_VDNN3.npy, AMS7_ADNN6_VMS4_VDNN4.npy, AMS7_ADNN6_VMS4_VDNN5.npy, AMS7_ADNN6_VMS5_VDNN1.npy, AMS7_ADNN6_VMS5_VDNN2.npy, AMS7_ADNN6_VMS5_VDNN3.npy, AMS7_ADNN6_VMS5_VDNN4.npy, AMS7_ADNN6_VMS5_VDNN5.npy",0.0098454099020746,27.13291620095477,29.46403458604169,50,0.3121186792877196,25.75671398398287,49
0.00825927,117.181603,"AMS7_ADNN7_VMS1_VDNN1.npy, AMS7_ADNN7_VMS1_VDNN2.npy, AMS7_ADNN7_VMS1_VDNN3.npy, AMS7_ADNN7_VMS1_VDNN4.npy, AMS7_ADNN7_VMS1_VDNN5.npy, AMS7_ADNN7_VMS2_VDNN1.npy, AMS7_ADNN7_VMS2_VDNN2.npy, AMS7_ADNN7_VMS2_VDNN3.npy, AMS7_ADNN7_VMS2_VDNN4.npy, AMS7_ADNN7_VMS2_VDNN5.npy, AMS7_ADNN7_VMS3_VDNN1.npy, AMS7_ADNN7_VMS3_VDNN2.npy, AMS7_ADNN7_VMS3_VDNN3.npy, AMS7_ADNN7_VMS3_VDNN4.npy, AMS7_ADNN7_VMS3_VDNN5.npy, AMS7_ADNN7_VMS4_VDNN1.npy, AMS7_ADNN7_VMS4_VDNN2.npy, AMS7_ADNN7_VMS4_VDNN3.npy, AMS7_ADNN7_VMS4_VDNN4.npy, AMS7_ADNN7_VMS4_VDNN5.npy, AMS7_ADNN7_VMS5_VDNN1.npy, AMS7_ADNN7_VMS5_VDNN2.npy, AMS7_ADNN7_VMS5_VDNN3.npy, AMS7_ADNN7_VMS5_VDNN4.npy, AMS7_ADNN7_VMS5_VDNN5.npy",0.0091522083236353,28.38910273142216,29.23513610044565,50,0.3118637902313232,22.94751093756451,46
